Time,Total_Energy
0,319.3747791
0.1,319.0713663
0.3,319.0272801
0.7,318.9398111
1.5,318.729473
3.1,318.0804254
6.3,314.2860536
7.9,309.529853
8.7,305.9074983
10.3,295.4824178
11.1,288.4398512
12.7,270.891106
13.5,260.6901767
15.1,240.6746772
15.9,232.1097941
17.5,220.3025118
18.3,216.6659535
19.9,212.0141278
20.7,210.3847745
22.3,207.6599551
23.1,206.4263598
24.7,204.060494
27.9,199.4392493
29.5,197.0844323
30.3,195.8790165
31.9,193.4075943
32.7,192.1606881
34.3,189.712359
35.1,188.503009
36.7,186.0774074
37.5,184.8462184
39.1,182.3202993
39.9,181.0311468
41.5,178.4640567
42.3,177.1852751
43.9,174.6786062
44.7,173.4824269
46.3,171.2545609
47.1,170.2077648
48.7,168.2090676
51.9,164.4735044
53.5,162.6939496
56.7,159.3086596
58.3,157.7421762
59.1,156.9953886
60.7,155.5655043
63.9,152.9144911
65.5,151.673564
68.7,149.3454697
70.3,148.2538089
73.5,146.2162788
75.1,145.2666951
78.3,143.5034581
79.9,142.6855877
83.1,141.1710044
84.7,140.4694844
87.9,139.1687116
89.5,138.564547
92.7,137.438121
94.3,136.9111104
97.5,135.9195787
99.1,135.4513444
102.3,134.5628655
103.9,134.1398897
107.1,133.335888
108.7,132.9549917
111.9,132.2353907
113.5,131.894956
116.7,131.2480918
123.1,130.0653311
126.3,129.517827
132.7,128.4905475
135.9,128.0050204
142.3,127.0804785
145.5,126.6383825
151.9,125.789452
155.1,125.3807873
161.5,124.5921656
164.7,124.2110086
171.1,123.4731994
174.3,123.1156787
180.7,122.42215
183.9,122.0854556
190.3,121.4312322
193.5,121.1131253
199.9,120.4941011
203.1,120.1926791
209.5,119.6052949
212.7,119.3188843
219.1,118.7599832
222.3,118.4870921
228.7,117.9538534
231.9,117.6931481
238.3,117.1830529
241.5,116.9333444
247.9,116.4441522
251.1,116.2043856
257.5,115.7341141
260.7,115.5033589
267.1,115.0502648
279.9,114.1756454
286.3,113.7525247
299.1,112.9328357
305.5,112.535037
318.3,111.7621781
324.7,111.386157
337.5,110.6538958
343.9,110.2968786
356.7,109.6002518
363.1,109.2599878
375.9,108.5948929
382.3,108.2694933
395.1,107.6324336
401.5,107.3202682
414.3,106.708184
420.7,106.4078072
433.5,105.8179382
439.9,105.5280196
452.7,104.9577574
459.1,104.6769965
471.9,104.1236561
478.3,103.8506129
491.1,103.3107567
497.5,103.0431196
510.3,102.5059338
516.7,102.2232576
519.9,102.065154
526.3,101.6970041
529.5,101.5028766
531.1,101.4071335
534.3,101.2164878
540.7,100.8100774
543.9,100.5945281
545.5,100.4885597
548.7,100.2818218
550.3,100.180261
553.5,99.97743399
559.9,99.55419285
563.1,99.33837013
564.7,99.23304538
567.9,99.02861118
569.5,98.92921554
572.7,98.73557527
579.1,98.36611677
582.3,98.18884965
588.7,97.84713551
591.9,97.68184728
598.3,97.36089584
601.5,97.20461622
607.9,96.899272
611.1,96.74975505
617.5,96.45617726
620.7,96.31179868
627.1,96.02729646
630.3,95.88695913
636.7,95.60978419
639.9,95.47280847
646.3,95.20193017
649.5,95.06793624
655.9,94.80278544
659.1,94.67155083
665.5,94.41170071
668.7,94.28298332
675.1,94.02776771
678.3,93.90110187
684.7,93.64917436
687.9,93.52361959
694.3,93.27228338
697.5,93.14592519
703.9,92.8892121
707.1,92.75723833
713.5,92.47407269
716.7,92.30968982
718.3,92.21257262
721.5,91.97857195
723.1,91.86445741
723.9,91.81441824
725.5,91.72632594
728.7,91.58209175
735.1,91.35895299
747.9,91.00079332
754.3,90.83458136
767.1,90.50989499
773.5,90.35028561
786.3,90.03544288
792.7,89.87990587
805.5,89.57209005
811.9,89.41959485
824.7,89.11707014
831.1,88.96687272
843.9,88.66834512
850.3,88.51987874
863.1,88.22434347
869.5,88.07715934
882.3,87.78380399
888.7,87.63753123
901.5,87.34566888
907.9,87.19998627
920.7,86.90900697
927.1,86.76362178
939.9,86.47295485
946.3,86.32758574
959.1,86.03666762
965.5,85.8910291
978.3,85.59927202
984.7,85.45305817
997.5,85.15981481
1003.9,85.01267955
1016.7,84.71719695
1023.1,84.56872662
1035.9,84.2700784
1042.3,84.11974944
1055.1,83.81672569
1061.5,83.66383261
1074.3,83.35474274
1080.7,83.19826289
1093.5,82.88054174
1099.9,82.71884829
1112.7,82.3881441
1119.1,82.21828125
1131.9,81.86580284
1138.3,81.68104946
1151.1,81.28158188
1157.5,81.05614893
1160.7,80.93085346
1162.3,80.86307931
1165.5,80.70958852
1167.1,80.61831332
1170.3,80.37081913
1171.9,80.21117334
1172.7,80.13218753
1174.3,79.99498672
1175.1,79.93686698
1176.7,79.83724096
1179.9,79.68130082
1186.3,79.45747343
1199.1,79.15281732
1205.5,79.03031768
1218.3,78.80414396
1224.7,78.69530766
1237.5,78.48063478
1243.9,78.37410923
1256.7,78.16204323
1263.1,78.05639505
1275.9,77.84583819
1282.3,77.74089374
1295.1,77.53171861
1301.5,77.42746227
1314.3,77.21966983
1320.7,77.11611021
1333.5,76.90972502
1339.9,76.80687674
1352.7,76.60193054
1359.1,76.49981034
1371.9,76.29633719
1378.3,76.19496218
1391.1,75.99299559
1397.5,75.892382
1410.3,75.69195269
1416.7,75.59211483
1429.5,75.39324877
1435.9,75.29419812
1448.7,75.09691472
1455.1,74.99865909
1467.9,74.80296956
1474.3,74.70551221
1487.1,74.5114179
1493.5,74.41475675
1506.3,74.22224728
1512.7,74.12637385
1525.5,73.93542478
1531.9,73.84032276
1544.7,73.65089201
1551.1,73.55653504
1563.9,73.3685567
1570.3,73.27490412
1583.1,73.08827642
1589.5,72.99526468
1602.3,72.80982378
1608.7,72.71734667
1621.5,72.53280165
1627.9,72.44065733
1640.7,72.25639283
1647.1,72.16410163
1659.9,71.97831762
1666.3,71.88410657
1679.1,71.68345722
1685.5,71.55316508
1688.7,71.45501156
1690.3,71.39268778
1691.1,71.35915687
1692.7,71.29034529
1693.5,71.25574124
1695.1,71.18751711
1698.3,71.05690396
1699.9,70.99438139
1703.1,70.87452066
1709.5,70.65163647
1712.7,70.54662143
1719.1,70.34723424
1722.3,70.25203013
1728.7,70.06953579
1731.9,69.98179068
1738.3,69.81267337
1741.5,69.73100869
1747.9,69.57303655
1751.1,69.49652019
1757.5,69.34810364
1770.3,69.06800473
1776.7,68.93526863
1789.5,68.68284499
1795.9,68.56243033
1808.7,68.33199809
1815.1,68.22144659
1827.9,68.00873419
1834.3,67.90617065
1847.1,67.70789239
1853.5,67.61186946
1866.3,67.42548236
1872.7,67.33488
1885.5,67.15841481
1891.9,67.07236664
1904.7,66.90430046
1911.1,66.82213743
1923.9,66.66129505
1930.3,66.58250158
1943.1,66.42797776
1949.5,66.35215697
1962.3,66.20325442
1968.7,66.13010017
1981.5,65.98627891
1987.9,65.91555273
2000.7,65.77638815
2007.1,65.70790005
2019.9,65.57304759
2026.3,65.50663988
2039.1,65.37580567
2045.5,65.31133962
2058.3,65.18425645
2064.7,65.12160166
2077.5,64.99801064
2083.9,64.93703731
2096.7,64.81667529
2103.1,64.75724935
2115.9,64.63984205
2122.3,64.58182309
2135.1,64.46708348
2141.5,64.41032512
2154.3,64.29795605
2179.9,64.07734889
2192.7,63.96881744
2218.3,63.7546997
2231.1,63.64885091
2256.7,63.4390327
2269.5,63.33484361
2295.1,63.1274502
2307.9,63.02406876
2333.5,62.81756595
2346.3,62.71430196
2371.9,62.50744456
2384.7,62.40373197
2410.3,62.19547559
2423.1,62.09082489
2448.7,61.88022991
2461.5,61.77418077
2487.1,61.56032015
2499.9,61.45239615
2525.5,61.23426451
2538.3,61.123926
2563.9,60.90033598
2576.7,60.78692072
2602.3,60.55635768
2615.1,60.43898882
2640.7,60.19936082
2653.5,60.07677398
2679.1,59.82489138
2691.9,59.69503952
2698.3,59.6289681
2711.1,59.49420819
2717.5,59.42537233
2730.3,59.28425999
2736.7,59.21173802
2749.5,59.06178047
2755.9,58.98385309
2768.7,58.81976149
2775.1,58.73219439
2787.9,58.53574294
2794.3,58.41521246
2797.5,58.33939128
2799.1,58.29251899
2802.3,58.16384293
2803.9,58.08803312
2804.7,58.05324736
2806.3,57.99406203
2807.1,57.96897654
2808.7,57.92558688
2811.9,57.85655679
2818.3,57.75194939
2831.1,57.58454684
2837.5,57.50690714
2850.3,57.34953928
2856.7,57.26658295
2859.9,57.2231927
2866.3,57.13053898
2869.5,57.08010029
2875.9,56.96268406
2879.1,56.8873796
2880.7,56.84013143
2883.9,56.70943684
2885.5,56.63398042
2886.3,56.60007584
2887.9,56.54303961
2891.1,56.45896164
2892.7,56.42604534
2895.9,56.37060864
2902.3,56.28460663
2915.1,56.15861433
2940.7,55.95744755
2953.5,55.85882066
2959.9,55.80800059
2972.7,55.70167395
2979.1,55.64546046
2991.9,55.52346142
2998.3,55.45537595
3001.5,55.41851331
3007.9,55.33494201
3011.1,55.28485187
3012.7,55.25593211
3015.9,55.18165793
3017.5,55.13021343
3020.7,55.00539615
3022.3,54.95001166
3023.1,54.92685707
3024.7,54.88765152
3027.9,54.82750244
3034.3,54.74220218
3047.1,54.62439274
3072.7,54.45953305
3085.5,54.39153694
3111.1,54.26461408
3123.9,54.20255604
3149.5,54.07659456
3162.3,54.01171485
3187.9,53.87580883
3200.7,53.8038528
3207.1,53.76658309
3219.9,53.6888363
3226.3,53.64806459
3239.1,53.56149182
3245.5,53.51505507
3258.3,53.4126362
3264.7,53.35458377
3267.9,53.3229573
3274.3,53.25141116
3277.5,53.20936366
3279.1,53.18580049
3282.3,53.12988042
3283.9,53.09485995
3287.1,52.99285107
3288.7,52.92290824
3289.5,52.88771546
3291.1,52.82749426
3291.9,52.8027733
3293.5,52.76209159
3296.7,52.70370321
3303.1,52.6334489
3315.9,52.56507779
3341.5,52.49900348
3392.7,52.39710717
3418.3,52.34752493
3469.5,52.24973531
3495.1,52.20143816
3546.3,52.10591154
3571.9,52.05863553
3623.1,51.96498813
3648.7,51.91858441
3699.9,51.8265716
3725.5,51.78093738
3776.7,51.69038167
3802.3,51.64543936
3853.5,51.55620321
3879.1,51.51189132
3930.3,51.42386393
3955.9,51.38013226
4007.1,51.29322219
4032.7,51.25002896
4083.9,51.16415948
4109.5,51.12146941
4160.7,51.03657535
4186.3,50.99435829
4237.5,50.91038369
4263.1,50.86861368
4314.3,50.78551005
4339.9,50.74416447
4391.1,50.66188948
4416.7,50.6209485
4467.9,50.5394648
4493.5,50.49891085
4544.7,50.41818527
4570.3,50.37800266
4621.5,50.29800542
4647.1,50.25818002
4698.3,50.17888416
4723.9,50.1394031
4775.1,50.060784
4800.7,50.02163546
4851.9,49.94367036
4877.5,49.9048434
4928.7,49.82751114
4954.3,49.78899551
5005.5,49.71227618
5031.1,49.67406221
5082.3,49.59793695
5107.9,49.56001542
5159.1,49.48446621
5184.7,49.4468283
5235.9,49.37183778
5261.5,49.33447496
5312.7,49.26002631
5338.3,49.22293028
5389.5,49.1490071
5415.1,49.11216977
5466.3,49.03875599
5491.9,49.00216938
5543.1,48.92924917
5568.7,48.89290541
5619.9,48.82046312
5645.5,48.78435443
5696.7,48.71237452
5722.3,48.67649314
5773.5,48.60496013
5799.1,48.56929833
5850.3,48.49819677
5875.9,48.46274682
5927.1,48.39206122
5952.7,48.35681536
6003.9,48.28653017
6029.5,48.25148062
6080.7,48.1815802
6106.3,48.1467191
6157.5,48.07718767
6183.1,48.0425071
6234.3,47.97332874
6259.9,47.93882068
6311.1,47.86997928
6336.7,47.83563564
6387.9,47.76711486
6413.5,47.73292742
6464.7,47.66471074
6490.3,47.63067116
6541.5,47.56274178
6567.1,47.52884162
6618.3,47.46118252
6643.9,47.42741318
6695.1,47.36000707
6720.7,47.32635986
6771.9,47.2591892
6797.5,47.2256553
6848.7,47.15870232
6874.3,47.12527278
6925.5,47.05851951
6951.1,47.02518529
7002.3,46.95861358
7027.9,46.92536555
7079.1,46.8589571
7104.7,46.8257861
7155.9,46.75952253
7181.5,46.72641938
7232.7,46.66028231
7258.3,46.62723781
7309.5,46.56120897
7335.1,46.52821402
7386.3,46.46227529
7411.9,46.42932092
7463.1,46.36345451
7488.7,46.33053191
7539.9,46.2647205
7565.5,46.23182115
7616.7,46.16604803
7642.3,46.13316375
7693.5,46.06741302
7719.1,46.03453611
7770.3,45.96879288
7795.9,45.93591619
7847.1,45.87016686
7872.7,45.83728394
7923.9,45.77151641
7949.5,45.73862164
8000.7,45.67282564
8026.3,45.63991439
8077.5,45.57408177
8103.1,45.54115057
8154.3,45.4752757
8179.9,45.4423224
8231.1,45.37640253
8256.7,45.34342655
8307.9,45.27746219
8333.5,45.24446469
8384.7,45.17846012
8410.3,45.14544426
8423.1,45.12893306
8448.7,45.09590978
8461.5,45.07939538
8487.1,45.04636632
8499.9,45.02984963
8525.5,44.99681677
8538.3,44.98029883
8563.9,44.94726449
8576.7,44.93074654
8602.3,44.89771339
8615.1,44.88119685
8640.7,44.84816794
8653.5,44.8316544
8679.1,44.79863318
8691.9,44.78212443
8717.5,44.74911473
8730.3,44.73261278
8755.9,44.69961887
8768.7,44.68312593
8794.3,44.65015248
8807.1,44.63367101
8832.7,44.60072315
8845.5,44.58425581
8871.1,44.55133912
8883.9,44.53488883
8909.5,44.50200938
8922.3,44.4855793
8947.9,44.45274363
8960.7,44.43633715
8986.3,44.40355232
8999.1,44.3871731
9024.7,44.35444667
9037.5,44.33809862
9063.1,44.30543865
9075.9,44.28912593
9101.5,44.25654102
9114.3,44.24026807
9139.9,44.20776732
9152.7,44.19153881
9178.3,44.15913184
9191.1,44.14295271
9216.7,44.11064964
9229.5,44.09452507
9255.1,44.06233649
9267.9,44.04627191
9293.5,44.01420891
9306.3,43.99820996
9331.9,43.96628406
9344.7,43.95035662
9370.3,43.91857974
9383.1,43.90272986
9408.7,43.87111433
9421.5,43.85534825
9447.1,43.8239067
9459.9,43.80823083
9485.5,43.77697618
9498.3,43.76139703
9523.9,43.73034243
9536.7,43.71486662
9562.3,43.68402536
9575.1,43.66865957
9600.7,43.63804501
9613.5,43.62279593
9639.1,43.59242146
9651.9,43.57729576
9677.5,43.54717465
9690.3,43.53217891
9715.9,43.50232424
9728.7,43.48746495
9754.3,43.4578895
9767.1,43.44317296
9792.7,43.41388911
9805.5,43.39932139
9831.1,43.370341
9843.9,43.35592788
9869.5,43.32726217
9882.3,43.31300908
9907.9,43.28466854
9920.7,43.27058052
9946.3,43.24257474
9997.5,43.18726537
10023.1,43.15995364
10074.3,43.10605853
10099.9,43.07946634
10151.1,43.02702558
10176.7,43.00116782
10227.9,42.95019987
10253.5,42.92507982
10304.7,42.87557974
10330.3,42.85118865
10381.5,42.80312748
10407.1,42.77944478
10458.3,42.73277033
10483.9,42.70976434
10535.1,42.66440322
10560.7,42.64203237
10611.9,42.59789284
10637.5,42.57610732
10688.7,42.53308278
10714.3,42.51182621
10765.5,42.46979879
10791.1,42.44901002
10842.3,42.40785395
10867.9,42.38746868
10919.1,42.34705333
10944.7,42.32700551
10995.9,42.28719805
11021.5,42.2674211
11072.7,42.22808878
11098.3,42.2085167
11149.5,42.16952896
11175.1,42.15009735
11226.3,42.11132777
11251.9,42.09197476
11303.1,42.05330289
11328.7,42.03397002
11379.9,41.99528293
11405.5,41.9759158
11456.7,41.93710914
11482.3,41.91765782
11533.5,41.87863625
11559.1,41.85905525
11610.3,41.819732
11635.9,41.7999799
11687.1,41.76027563
11712.7,41.74031432
11763.9,41.70015545
11789.5,41.67994919
11840.7,41.6392658
11866.3,41.61878017
11917.5,41.57750389
11943.1,41.55670469
11994.3,41.51476659
12019.9,41.49361884
12071.1,41.45094735
12096.7,41.42941426
12147.9,41.38593321
12173.5,41.36397518
12224.7,41.3196017
12250.3,41.29717526
12301.5,41.2518176
12327.1,41.22887419
12378.3,41.1824291
12403.9,41.15891371
12455.1,41.11126336
12480.7,41.08711276
12531.9,41.03812083
12557.5,41.01326138
12608.7,40.96276808
12634.3,40.93711291
12685.5,40.88492827
12711.1,40.85837338
12762.3,40.8042683
12787.9,40.77668728
12839.1,40.72038083
12864.7,40.69161735
12915.9,40.63275859
12941.5,40.60261532
12992.7,40.54075614
13018.3,40.50897804
13069.5,40.44353088
13095.1,40.40977859
13146.3,40.33994754
13171.9,40.30375274
13223.1,40.22841392
13248.7,40.18909931
13299.9,40.10657623
13325.5,40.06309809
13376.7,39.97069119
13402.3,39.92128838
13415.1,39.89563975
13440.7,39.84216945
13453.5,39.81422271
13479.1,39.75547127
13491.9,39.72447129
13517.5,39.65848626
13530.3,39.62315931
13555.9,39.54640879
13568.7,39.50426707
13594.3,39.40889964
13607.1,39.35351693
13613.5,39.32301136
13626.3,39.25354612
13632.7,39.21277786
13635.9,39.19011485
13642.3,39.13756608
13645.5,39.10586821
13647.1,39.08784629
13650.3,39.04441045
13651.9,39.01686711
13655.1,38.93546899
13656.7,38.87693014
13657.5,38.84577812
13659.1,38.79041399
13659.9,38.76738553
13661.5,38.72984528
13664.7,38.67709047
13671.1,38.61373758
13683.9,38.55041494
13709.5,38.50664143
13760.7,38.49063939
13863.1,38.48414118
13914.3,38.48149373
14016.7,38.47654801
14221.5,38.46762321
14323.9,38.46352503
14528.7,38.45586573
14938.3,38.44217538
15143.1,38.43596661
15552.7,38.42453646
15757.5,38.41924812
16167.1,38.40939301
16371.9,38.40478985
16781.5,38.39615265
17600.7,38.38082837
18010.3,38.37400086
18829.5,38.36171612
19239.1,38.35617282
20058.3,38.34609161
20467.9,38.34149578
21287.1,38.33306147
21696.7,38.32918243
22515.9,38.32200699
22925.5,38.31868146
23744.7,38.31248714
24154.3,38.30959698
24973.5,38.30418097
25383.1,38.30163919
26202.3,38.29685098
26611.9,38.29459252
27431.1,38.29031875
29069.5,38.28261657
29888.7,38.27913213
31527.1,38.27277378
32346.3,38.26986458
33984.7,38.26450869
34803.9,38.26203848
36442.3,38.25746197
37261.5,38.25533932
38899.9,38.25138865
39719.1,38.24954892
41357.5,38.24611318
42176.7,38.2445085
43815.1,38.24150392
44634.3,38.24009732
46272.7,38.23745817
47091.9,38.23622016
48730.3,38.23389322
49549.5,38.23279963
51187.9,38.2307407
52007.1,38.22977125
53645.5,38.22794285
54464.7,38.22708022
56103.1,38.22545
56922.3,38.22467908
58560.7,38.2232185
59379.9,38.22252581
61018.3,38.221209
61837.5,38.22058205
63475.9,38.21938438
64295.1,38.21881082
65933.5,38.21770665
66752.7,38.21717273
68391.1,38.21613072
69210.3,38.21561763
70848.7,38.21458817
71667.9,38.21406165
72077.5,38.21379239
72896.7,38.21323523
73306.3,38.21294512
74125.5,38.21233578
75763.9,38.2110171
76583.1,38.2103414
76992.7,38.21001194
77811.9,38.20938329
78221.5,38.20908568
79040.7,38.20852564
80679.1,38.20753488
81498.3,38.20709615
83136.7,38.20631171
86413.5,38.20503477
88051.9,38.2045096
91328.7,38.20362723
92967.1,38.20325482
96243.9,38.20261772
97882.3,38.20234465
101159.1,38.20187179
107712.7,38.20115089
110989.5,38.20087557
117543.1,38.20044373
120819.9,38.20027423
127373.5,38.20000287
130650.3,38.19989431
137203.9,38.19971792
150311.1,38.19947997
156864.7,38.19940071
169971.9,38.19929066
176525.5,38.19925298
189632.7,38.19919964
215847.1,38.19914392
228954.3,38.19912988
255168.7,38.1991137
307597.5,38.19910061
333811.9,38.19909763
386240.7,38.19909397
491098.3,38.19909068
700813.5,38.19908896
805671.1,38.19908877
1015386.3,38.19908862
1120243.9,38.19908859
1329959.1,38.19908857
1749389.5,38.19908857
1959104.7,38.19908857
2378535.1,38.19908857
3217395.9,38.19908857
4895117.5,38.19908857
8250560.7,38.19908857
14961447.1,38.19908857
28383219.9,38.19908857
55226765.5,38.19908857
108913856.7,38.19908857
135757402.3,38.19908857
189444493.5,38.19908857
216288039.1,38.19908857
269975130.3,38.19908857
296818675.9,38.19908857
310240448.7,38.19908857
337083994.3,38.19908857
390771085.5,38.19908857
417614631.1,38.19908857
471301722.3,38.19908857
498145267.9,38.19908857
551832359.1,38.19908857
578675904.7,38.19908857
632362995.9,38.19908857
659206541.5,38.19908857
712893632.7,38.19908857
739737178.3,38.19908857
753158951.1,38.19908857
780002496.7,38.19908857
833689587.9,38.19908857
860533133.5,38.19908857
914220224.7,38.19908857
941063770.3,38.19908857
954485543.1,38.19908857
981329088.7,38.19908857
994750861.5,38.19908857
1021594407,38.19908857
1075281498,38.19908857
1102125044,38.19908857
1115546817,38.19908857
1142390362,38.19908857
1155812135,38.19908857
1182655681,38.19908857
1196077454,38.19908857
1222920999,38.19908857
1236342772,38.19908857
1263186317,38.19908857
1276608090,38.19908857
1303451636,38.19908857
1316873409,38.19908857
1343716954,38.19908857
1357138727,38.19908857
1383982273,38.19908857
1397404045,38.19908857
1424247591,38.19908857
1437669364,38.19908857
1464512909,38.19908857
1477934682,38.19908857
1504778228,38.19908857
1518200001,38.19908857
1545043546,38.19908857
1558465319,38.19908857
1585308865,38.19908857
1598730637,38.19908857
1625574183,38.19908857
1638995956,38.19908857
1665839501,38.19908857
1679261274,38.19908857
1706104820,38.19908857
1719526593,38.19908857
1746370138,38.19908857
1759791911,38.19908857
1786635457,38.19908857
1800057229,38.19908857
1826900775,38.19908857
1840322548,38.19908857
1867166093,38.19908857
1880587866,38.19908857
1907431412,38.19908857
1920853185,38.19908857
1947696730,38.19908857
1961118503,38.19908857
1987962049,38.19908857
2001383821,38.19908857
2028227367,38.19908857
2041649140,38.19908857
2068492685,38.19908857
2081914458,38.19908857
2108758004,38.19908857
2122179777,38.19908857
2149023322,38.19908857
2162445095,38.19908857
2189288641,38.19908857
2202710413,38.19908857
2229553959,38.19908857
2242975732,38.19908857
2269819277,38.19908857
2283241050,38.19908857
2310084596,38.19908857
2323506369,38.19908857
2350349914,38.19908857
2363771687,38.19908857
2390615233,38.19908857
2404037005,38.19908857
2430880551,38.19908857
2444302324,38.19908857
2471145869,38.19908857
2484567642,38.19908857
2511411188,38.19908857
2524832961,38.19908857
2551676506,38.19908857
2565098279,38.19908857
2591941825,38.19908857
2605363597,38.19908857
2632207143,38.19908857
2645628916,38.19908857
2672472461,38.19908857
2685894234,38.19908857
2712737780,38.19908857
2726159553,38.19908857
2753003098,38.19908857
2766424871,38.19908857
2793268417,38.19908857
2806690189,38.19908857
2833533735,38.19908857
2846955508,38.19908857
2873799053,38.19908857
2887220826,38.19908857
2914064372,38.19908857
2927486145,38.19908857
2954329690,38.19908857
2967751463,38.19908857
2994595009,38.19908857
3008016781,38.19908857
3034860327,38.19908857
3048282100,38.19908857
3075125645,38.19908857
3088547418,38.19908857
3115390964,38.19908857
3128812737,38.19908857
3155656282,38.19908857
3169078055,38.19908857
3195921601,38.19908857
3209343373,38.19908857
3236186919,38.19908857
3249608692,38.19908857
3276452237,38.19908857
3289874010,38.19908857
3316717556,38.19908857
3330139329,38.19908857
3356982874,38.19908857
3370404647,38.19908857
3397248193,38.19908857
3410669966,38.19908857
3437513511,38.19908857
3450935284,38.19908857
3477778830,38.19908857
3491200602,38.19908857
3518044148,38.19908857
3531465921,38.19908857
3558309466,38.19908857
3571731239,38.19908857
3598574785,38.19908857
3611996558,38.19908857
3638840103,38.19908857
3652261876,38.19908857
3679105422,38.19908857
3692527194,38.19908857
3719370740,38.19908857
3732792513,38.19908857
3759636058,38.19908857
3773057831,38.19908857
3799901377,38.19908857
3813323150,38.19908857
3840166695,38.19908857
3853588468,38.19908857
3880432014,38.19908857
3893853786,38.19908857
3920697332,38.19908857
3934119105,38.19908857
3960962650,38.19908857
3974384423,38.19908857
4001227969,38.19908857
4014649742,38.19908857
4041493287,38.19908857
4054915060,38.19908857
4081758606,38.19908857
4095180378,38.19908857
4122023924,38.19908857
4135445697,38.19908857
4162289242,38.19908857
4175711015,38.19908857
4202554561,38.19908857
4215976334,38.19908857
4242819879,38.19908857
4256241652,38.19908857
4283085198,38.19908857
4296506970,38.19908857
4323350516,38.19908857
4336772289,38.19908857
4363615834,38.19908857
4377037607,38.19908857
4403881153,38.19908857
4417302926,38.19908857
4444146471,38.19908857
4457568244,38.19908857
4484411790,38.19908857
4497833562,38.19908857
4524677108,38.19908857
4538098881,38.19908857
4564942426,38.19908857
4578364199,38.19908857
4605207745,38.19908857
4618629518,38.19908857
4645473063,38.19908857
4658894836,38.19908857
4685738382,38.19908857
4699160154,38.19908857
4726003700,38.19908857
4739425473,38.19908857
4766269018,38.19908857
4779690791,38.19908857
4806534337,38.19908857
4819956110,38.19908857
4846799655,38.19908857
4860221428,38.19908857
4887064974,38.19908857
4900486746,38.19908857
4927330292,38.19908857
4940752065,38.19908857
4967595610,38.19908857
4981017383,38.19908857
5007860929,38.19908857
5021282702,38.19908857
5048126247,38.19908857
5061548020,38.19908857
5088391566,38.19908857
5101813338,38.19908857
5128656884,38.19908857
5142078657,38.19908857
5168922202,38.19908857
5182343975,38.19908857
5209187521,38.19908857
5222609294,38.19908857
5249452839,38.19908857
5262874612,38.19908857
5289718158,38.19908857
5303139930,38.19908857
5329983476,38.19908857
5343405249,38.19908857
5370248794,38.19908857
5383670567,38.19908857
5410514113,38.19908857
5423935886,38.19908857
5450779431,38.19908857
5464201204,38.19908857
5491044750,38.19908857
5504466522,38.19908857
5531310068,38.19908857
5544731841,38.19908857
5571575386,38.19908857
5584997159,38.19908857
5611840705,38.19908857
5625262478,38.19908857
5652106023,38.19908857
5665527796,38.19908857
5692371342,38.19908857
5705793114,38.19908857
5732636660,38.19908857
5746058433,38.19908857
5772901978,38.19908857
5786323751,38.19908857
5813167297,38.19908857
5826589070,38.19908857
5853432615,38.19908857
5866854388,38.19908857
5893697934,38.19908857
5907119706,38.19908857
5933963252,38.19908857
5947385025,38.19908857
5974228570,38.19908857
5987650343,38.19908857
6014493889,38.19908857
6027915662,38.19908857
6054759207,38.19908857
6068180980,38.19908857
6095024526,38.19908857
6108446298,38.19908857
6135289844,38.19908857
6148711617,38.19908857
6175555162,38.19908857
6188976935,38.19908857
6215820481,38.19908857
6229242254,38.19908857
6256085799,38.19908857
6269507572,38.19908857
6296351118,38.19908857
6309772890,38.19908857
6336616436,38.19908857
6350038209,38.19908857
6376881754,38.19908857
6390303527,38.19908857
6417147073,38.19908857
6430568846,38.19908857
6457412391,38.19908857
6470834164,38.19908857
6497677710,38.19908857
6511099482,38.19908857
6537943028,38.19908857
6551364801,38.19908857
6578208346,38.19908857
6591630119,38.19908857
6618473665,38.19908857
6631895438,38.19908857
6658738983,38.19908857
6672160756,38.19908857
6699004302,38.19908857
6712426074,38.19908857
6739269620,38.19908857
6752691393,38.19908857
6779534938,38.19908857
6792956711,38.19908857
6819800257,38.19908857
6833222030,38.19908857
6860065575,38.19908857
6873487348,38.19908857
6900330894,38.19908857
6913752666,38.19908857
6940596212,38.19908857
6954017985,38.19908857
6980861530,38.19908857
6994283303,38.19908857
7021126849,38.19908857
7034548622,38.19908857
7061392167,38.19908857
7074813940,38.19908857
7101657486,38.19908857
7115079258,38.19908857
7141922804,38.19908857
7155344577,38.19908857
7182188122,38.19908857
7195609895,38.19908857
7222453441,38.19908857
7235875214,38.19908857
7262718759,38.19908857
7276140532,38.19908857
7302984078,38.19908857
7316405850,38.19908857
7343249396,38.19908857
7356671169,38.19908857
7383514714,38.19908857
7396936487,38.19908857
7423780033,38.19908857
7437201806,38.19908857
7464045351,38.19908857
7477467124,38.19908857
7504310670,38.19908857
7517732442,38.19908857
7544575988,38.19908857
7557997761,38.19908857
7584841306,38.19908857
7598263079,38.19908857
7625106625,38.19908857
7638528398,38.19908857
7665371943,38.19908857
7678793716,38.19908857
7705637262,38.19908857
7719059034,38.19908857
7745902580,38.19908857
7759324353,38.19908857
7786167898,38.19908857
7799589671,38.19908857
7826433217,38.19908857
7839854990,38.19908857
7866698535,38.19908857
7880120308,38.19908857
7906963854,38.19908857
7920385626,38.19908857
7947229172,38.19908857
7960650945,38.19908857
7987494490,38.19908857
8000916263,38.19908857
8027759809,38.19908857
8041181582,38.19908857
8068025127,38.19908857
8081446900,38.19908857
8108290446,38.19908857
8121712218,38.19908857
8148555764,38.19908857
8161977537,38.19908857
8188821082,38.19908857
8202242855,38.19908857
8229086401,38.19908857
8242508174,38.19908857
8269351719,38.19908857
8282773492,38.19908857
8309617038,38.19908857
8323038810,38.19908857
8349882356,38.19908857
8363304129,38.19908857
8390147674,38.19908857
8403569447,38.19908857
8430412993,38.19908857
8443834766,38.19908857
8470678311,38.19908857
8484100084,38.19908857
8510943630,38.19908857
8524365402,38.19908857
8551208948,38.19908857
8564630721,38.19908857
8591474266,38.19908857
8604896039,38.19908857
8631739585,38.19908857
8645161358,38.19908857
8672004903,38.19908857
8685426676,38.19908857
8712270222,38.19908857
8725691994,38.19908857
8752535540,38.19908857
8765957313,38.19908857
8792800858,38.19908857
8806222631,38.19908857
8833066177,38.19908857
8846487950,38.19908857
8873331495,38.19908857
8886753268,38.19908857
8913596814,38.19908857
8927018586,38.19908857
8953862132,38.19908857
8967283905,38.19908857
8994127450,38.19908857
9007549223,38.19908857
9034392769,38.19908857
9047814542,38.19908857
9074658087,38.19908857
9088079860,38.19908857
9114923406,38.19908857
9128345178,38.19908857
9155188724,38.19908857
9168610497,38.19908857
9195454042,38.19908857
9208875815,38.19908857
9235719361,38.19908857
9249141134,38.19908857
9275984679,38.19908857
9289406452,38.19908857
9316249998,38.19908857
9329671770,38.19908857
9356515316,38.19908857
9369937089,38.19908857
9396780634,38.19908857
9410202407,38.19908857
9437045953,38.19908857
9450467726,38.19908857
9477311271,38.19908857
9490733044,38.19908857
9517576590,38.19908857
9530998362,38.19908857
9557841908,38.19908857
9571263681,38.19908857
9598107226,38.19908857
9611528999,38.19908857
9638372545,38.19908857
9651794318,38.19908857
9678637863,38.19908857
9692059636,38.19908857
9718903182,38.19908857
9732324954,38.19908857
9739035841,38.19908857
9752457614,38.19908857
9779301159,38.19908857
9792722932,38.19908857
9819566478,38.19908857
9832988250,38.19908857
9859831796,38.19908857
9873253569,38.19908857
9879964455,38.19908857
9893386228,38.19908857
9920229774,38.19908857
9933651546,38.19908857
9960495092,38.19908857
9973916865,38.19908857
10000760410,38.19908857
10014182183,38.19908857
10020893070,38.19908857
10034314842,38.19908857
10061158388,38.19908857
10074580161,38.19908857
10101423706,38.19908857
10114845479,38.19908857
10141689025,38.19908857
10155110798,38.19908857
10161821684,38.19908857
10175243457,38.19908857
10202087002,38.19908857
10215508775,38.19908857
10242352321,38.19908857
10255774094,38.19908857
10262484980,38.19908857
10275906753,38.19908857
10302750298,38.19908857
10316172071,38.19908857
10343015617,38.19908857
10356437390,38.19908857
10363148276,38.19908857
10376570049,38.19908857
10403413594,38.19908857
10416835367,38.19908857
10443678913,38.19908857
10457100686,38.19908857
10463811572,38.19908857
10477233345,38.19908857
10504076890,38.19908857
10517498663,38.19908857
10544342209,38.19908857
10557763982,38.19908857
10564474868,38.19908857
10577896641,38.19908857
10604740186,38.19908857
10618161959,38.19908857
10645005505,38.19908857
10658427278,38.19908857
10685270823,38.19908857
10698692596,38.19908857
10705403482,38.19908857
10718825255,38.19908857
10745668801,38.19908857
10759090574,38.19908857
10765801460,38.19908857
10779223233,38.19908857
10806066778,38.19908857
10819488551,38.19908857
10846332097,38.19908857
10859753870,38.19908857
10866464756,38.19908857
10879886529,38.19908857
10906730074,38.19908857
10920151847,38.19908857
10926862734,38.19908857
10940284506,38.19908857
10967128052,38.19908857
10980549825,38.19908857
11007393370,38.19908857
11020815143,38.19908857
11027526030,38.19908857
11040947802,38.19908857
11067791348,38.19908857
11081213121,38.19908857
11108056666,38.19908857
11121478439,38.19908857
11148321985,38.19908857
11161743758,38.19908857
11168454644,38.19908857
11181876417,38.19908857
11188587303,38.19908857
11202009076,38.19908857
11228852622,38.19908857
11242274394,38.19908857
11269117940,38.19908857
11282539713,38.19908857
11289250599,38.19908857
11302672372,38.19908857
11329515918,38.19908857
11342937690,38.19908857
11369781236,38.19908857
11383203009,38.19908857
11389913895,38.19908857
11403335668,38.19908857
11430179214,38.19908857
11443600986,38.19908857
11450311873,38.19908857
11463733646,38.19908857
11490577191,38.19908857
11503998964,38.19908857
11510709850,38.19908857
11524131623,38.19908857
11550975169,38.19908857
11564396942,38.19908857
11591240487,38.19908857
11604662260,38.19908857
11611373146,38.19908857
11624794919,38.19908857
11651638465,38.19908857
11665060238,38.19908857
11671771124,38.19908857
11685192897,38.19908857
11712036442,38.19908857
11725458215,38.19908857
11732169102,38.19908857
11745590874,38.19908857
11772434420,38.19908857
11785856193,38.19908857
11812699738,38.19908857
11826121511,38.19908857
11832832398,38.19908857
11846254170,38.19908857
11873097716,38.19908857
11886519489,38.19908857
11893230375,38.19908857
11906652148,38.19908857
11933495694,38.19908857
11946917466,38.19908857
11973761012,38.19908857
11987182785,38.19908857
11993893671,38.19908857
12007315444,38.19908857
12034158990,38.19908857
12047580762,38.19908857
12054291649,38.19908857
12067713422,38.19908857
12074424308,38.19908857
12087846081,38.19908857
12114689626,38.19908857
12128111399,38.19908857
12134822286,38.19908857
12148244058,38.19908857
12175087604,38.19908857
12188509377,38.19908857
12195220263,38.19908857
12208642036,38.19908857
12235485582,38.19908857
12248907354,38.19908857
12275750900,38.19908857
12289172673,38.19908857
12295883559,38.19908857
12309305332,38.19908857
12336148877,38.19908857
12349570650,38.19908857
12356281537,38.19908857
12369703309,38.19908857
12396546855,38.19908857
12409968628,38.19908857
12416679514,38.19908857
12430101287,38.19908857
12456944833,38.19908857
12470366605,38.19908857
12477077492,38.19908857
12490499265,38.19908857
12517342810,38.19908857
12530764583,38.19908857
12537475469,38.19908857
12550897242,38.19908857
12577740788,38.19908857
12591162561,38.19908857
12597873447,38.19908857
12611295220,38.19908857
12638138765,38.19908857
12651560538,38.19908857
12658271425,38.19908857
12671693197,38.19908857
12698536743,38.19908857
12711958516,38.19908857
12718669402,38.19908857
12732091175,38.19908857
12758934721,38.19908857
12772356493,38.19908857
12799200039,38.19908857
12812621812,38.19908857
12819332698,38.19908857
12832754471,38.19908857
12859598017,38.19908857
12873019789,38.19908857
12879730676,38.19908857
12893152449,38.19908857
12919995994,38.19908857
12933417767,38.19908857
12940128653,38.19908857
12953550426,38.19908857
12980393972,38.19908857
12993815745,38.19908857
13000526631,38.19908857
13013948404,38.19908857
13020659290,38.19908857
13034081063,38.19908857
13060924609,38.19908857
13074346381,38.19908857
13081057268,38.19908857
13094479041,38.19908857
13121322586,38.19908857
13134744359,38.19908857
13141455245,38.19908857
13154877018,38.19908857
13181720564,38.19908857
13195142337,38.19908857
13201853223,38.19908857
13215274996,38.19908857
13242118541,38.19908857
13255540314,38.19908857
13262251201,38.19908857
13275672973,38.19908857
13302516519,38.19908857
13315938292,38.19908857
13322649178,38.19908857
13336070951,38.19908857
13362914497,38.19908857
13376336269,38.19908857
13383047156,38.19908857
13396468929,38.19908857
13403179815,38.19908857
13416601588,38.19908857
13443445133,38.19908857
13456866906,38.19908857
13463577793,38.19908857
13476999565,38.19908857
13503843111,38.19908857
13517264884,38.19908857
13544108429,38.19908857
13557530202,38.19908857
13564241089,38.19908857
13577662861,38.19908857
13584373748,38.19908857
13597795521,38.19908857
13624639066,38.19908857
13638060839,38.19908857
13644771725,38.19908857
13658193498,38.19908857
13685037044,38.19908857
13698458817,38.19908857
13705169703,38.19908857
13718591476,38.19908857
13725302362,38.19908857
13738724135,38.19908857
13765567681,38.19908857
13778989453,38.19908857
13785700340,38.19908857
13799122113,38.19908857
13825965658,38.19908857
13839387431,38.19908857
13846098317,38.19908857
13859520090,38.19908857
13866230977,38.19908857
13879652749,38.19908857
13906496295,38.19908857
13919918068,38.19908857
13926628954,38.19908857
13940050727,38.19908857
13966894273,38.19908857
13980316045,38.19908857
13987026932,38.19908857
14000448705,38.19908857
14027292250,38.19908857
14040714023,38.19908857
14047424909,38.19908857
14060846682,38.19908857
14087690228,38.19908857
14101112001,38.19908857
14107822887,38.19908857
14121244660,38.19908857
14148088205,38.19908857
14161509978,38.19908857
14168220865,38.19908857
14181642637,38.19908857
14208486183,38.19908857
14221907956,38.19908857
14228618842,38.19908857
14242040615,38.19908857
14248751501,38.19908857
14262173274,38.19908857
14289016820,38.19908857
14302438593,38.19908857
14309149479,38.19908857
14322571252,38.19908857
14349414797,38.19908857
14362836570,38.19908857
14369547457,38.19908857
14382969229,38.19908857
14409812775,38.19908857
14423234548,38.19908857
14429945434,38.19908857
14443367207,38.19908857
14450078093,38.19908857
14463499866,38.19908857
14490343412,38.19908857
14503765185,38.19908857
14530608730,38.19908857
14544030503,38.19908857
14550741389,38.19908857
14564163162,38.19908857
14570874049,38.19908857
14584295821,38.19908857
14611139367,38.19908857
14624561140,38.19908857
14631272026,38.19908857
14644693799,38.19908857
14651404685,38.19908857
14664826458,38.19908857
14691670004,38.19908857
14705091777,38.19908857
14711802663,38.19908857
14725224436,38.19908857
14752067981,38.19908857
14765489754,38.19908857
14772200641,38.19908857
14785622413,38.19908857
14792333300,38.19908857
14805755073,38.19908857
14832598618,38.19908857
14846020391,38.19908857
14852731277,38.19908857
14866153050,38.19908857
14892996596,38.19908857
14906418369,38.19908857
14913129255,38.19908857
14926551028,38.19908857
14933261914,38.19908857
14946683687,38.19908857
14973527233,38.19908857
14986949005,38.19908857
14993659892,38.19908857
15007081665,38.19908857
15033925210,38.19908857
15047346983,38.19908857
15054057869,38.19908857
15067479642,38.19908857
15074190529,38.19908857
15087612301,38.19908857
15114455847,38.19908857
15127877620,38.19908857
15134588506,38.19908857
15148010279,38.19908857
15174853825,38.19908857
15188275597,38.19908857
15194986484,38.19908857
15208408257,38.19908857
15235251802,38.19908857
15248673575,38.19908857
15255384461,38.19908857
15268806234,38.19908857
15275517121,38.19908857
15288938893,38.19908857
15315782439,38.19908857
15329204212,38.19908857
15335915098,38.19908857
15349336871,38.19908857
15376180417,38.19908857
15389602189,38.19908857
15396313076,38.19908857
15409734849,38.19908857
15416445735,38.19908857
15429867508,38.19908857
15456711053,38.19908857
15470132826,38.19908857
15476843713,38.19908857
15490265485,38.19908857
15496976372,38.19908857
15510398145,38.19908857
15537241690,38.19908857
15550663463,38.19908857
15557374349,38.19908857
15570796122,38.19908857
15597639668,38.19908857
15611061441,38.19908857
15617772327,38.19908857
15631194100,38.19908857
15637904986,38.19908857
15651326759,38.19908857
15678170305,38.19908857
15691592077,38.19908857
15698302964,38.19908857
15711724737,38.19908857
15718435623,38.19908857
15731857396,38.19908857
15758700941,38.19908857
15772122714,38.19908857
15778833601,38.19908857
15792255373,38.19908857
15798966260,38.19908857
15812388033,38.19908857
15839231578,38.19908857
15852653351,38.19908857
15859364237,38.19908857
15872786010,38.19908857
15879496897,38.19908857
15892918669,38.19908857
15919762215,38.19908857
15933183988,38.19908857
15939894874,38.19908857
15953316647,38.19908857
15960027533,38.19908857
15973449306,38.19908857
16000292852,38.19908857
16013714625,38.19908857
16020425511,38.19908857
16033847284,38.19908857
16060690829,38.19908857
16074112602,38.19908857
16080823489,38.19908857
16094245261,38.19908857
16100956148,38.19908857
16114377921,38.19908857
16141221466,38.19908857
16154643239,38.19908857
16161354125,38.19908857
16174775898,38.19908857
16181486785,38.19908857
16194908557,38.19908857
16221752103,38.19908857
16235173876,38.19908857
16241884762,38.19908857
16255306535,38.19908857
16282150081,38.19908857
16295571853,38.19908857
16302282740,38.19908857
16315704513,38.19908857
16342548058,38.19908857
16355969831,38.19908857
16362680717,38.19908857
16376102490,38.19908857
16382813377,38.19908857
16396235149,38.19908857
16423078695,38.19908857
16436500468,38.19908857
16443211354,38.19908857
16456633127,38.19908857
16463344013,38.19908857
16476765786,38.19908857
16483476673,38.19908857
16496898445,38.19908857
16523741991,38.19908857
16537163764,38.19908857
16543874650,38.19908857
16557296423,38.19908857
16584139969,38.19908857
16597561741,38.19908857
16604272628,38.19908857
16617694401,38.19908857
16624405287,38.19908857
16637827060,38.19908857
16664670605,38.19908857
16678092378,38.19908857
16684803265,38.19908857
16698225037,38.19908857
16725068583,38.19908857
16738490356,38.19908857
16745201242,38.19908857
16758623015,38.19908857
16765333901,38.19908857
16778755674,38.19908857
16805599220,38.19908857
16819020993,38.19908857
16825731879,38.19908857
16839153652,38.19908857
16845864538,38.19908857
16859286311,38.19908857
16865997197,38.19908857
16879418970,38.19908857
16906262516,38.19908857
16919684289,38.19908857
16946527834,38.19908857
16959949607,38.19908857
16966660493,38.19908857
16980082266,38.19908857
16986793153,38.19908857
17000214925,38.19908857
17006925812,38.19908857
17020347585,38.19908857
17027058471,38.19908857
17040480244,38.19908857
17067323789,38.19908857
17080745562,38.19908857
17087456449,38.19908857
17100878221,38.19908857
17107589108,38.19908857
17121010881,38.19908857
17147854426,38.19908857
17161276199,38.19908857
17167987085,38.19908857
17181408858,38.19908857
17188119745,38.19908857
17201541517,38.19908857
17228385063,38.19908857
17241806836,38.19908857
17248517722,38.19908857
17261939495,38.19908857
17288783041,38.19908857
17302204813,38.19908857
17308915700,38.19908857
17322337473,38.19908857
17329048359,38.19908857
17342470132,38.19908857
17349181018,38.19908857
17362602791,38.19908857
17389446337,38.19908857
17402868109,38.19908857
17409578996,38.19908857
17423000769,38.19908857
17449844314,38.19908857
17463266087,38.19908857
17469976973,38.19908857
17483398746,38.19908857
17490109633,38.19908857
17503531405,38.19908857
17510242292,38.19908857
17523664065,38.19908857
17550507610,38.19908857
17563929383,38.19908857
17570640269,38.19908857
17584062042,38.19908857
17590772929,38.19908857
17604194701,38.19908857
17631038247,38.19908857
17644460020,38.19908857
17651170906,38.19908857
17664592679,38.19908857
17671303565,38.19908857
17684725338,38.19908857
17691436225,38.19908857
17704857997,38.19908857
17731701543,38.19908857
17745123316,38.19908857
17751834202,38.19908857
17765255975,38.19908857
17792099521,38.19908857
17805521293,38.19908857
17812232180,38.19908857
17825653953,38.19908857
17832364839,38.19908857
17845786612,38.19908857
17852497498,38.19908857
17865919271,38.19908857
17892762817,38.19908857
17906184589,38.19908857
17912895476,38.19908857
17926317249,38.19908857
17933028135,38.19908857
17946449908,38.19908857
17973293453,38.19908857
17986715226,38.19908857
17993426113,38.19908857
18006847885,38.19908857
18013558772,38.19908857
18026980545,38.19908857
18053824090,38.19908857
18067245863,38.19908857
18073956749,38.19908857
18087378522,38.19908857
18094089409,38.19908857
18107511181,38.19908857
18134354727,38.19908857
18147776500,38.19908857
18154487386,38.19908857
18167909159,38.19908857
18174620045,38.19908857
18188041818,38.19908857
18214885364,38.19908857
18228307137,38.19908857
18235018023,38.19908857
18248439796,38.19908857
18255150682,38.19908857
18268572455,38.19908857
18275283341,38.19908857
18288705114,38.19908857
18315548660,38.19908857
18328970433,38.19908857
18355813978,38.19908857
18369235751,38.19908857
18375946637,38.19908857
18389368410,38.19908857
18396079297,38.19908857
18409501069,38.19908857
18416211956,38.19908857
18429633729,38.19908857
18436344615,38.19908857
18449766388,38.19908857
18456477274,38.19908857
18469899047,38.19908857
18496742593,38.19908857
18510164365,38.19908857
18516875252,38.19908857
18530297025,38.19908857
18537007911,38.19908857
18550429684,38.19908857
18577273229,38.19908857
18590695002,38.19908857
18597405889,38.19908857
18610827661,38.19908857
18617538548,38.19908857
18630960321,38.19908857
18657803866,38.19908857
18671225639,38.19908857
18677936525,38.19908857
18691358298,38.19908857
18698069185,38.19908857
18711490957,38.19908857
18718201844,38.19908857
18731623617,38.19908857
18758467162,38.19908857
18771888935,38.19908857
18778599821,38.19908857
18792021594,38.19908857
18798732481,38.19908857
18812154253,38.19908857
18838997799,38.19908857
18852419572,38.19908857
18859130458,38.19908857
18872552231,38.19908857
18879263117,38.19908857
18892684890,38.19908857
18919528436,38.19908857
18932950209,38.19908857
18939661095,38.19908857
18953082868,38.19908857
18959793754,38.19908857
18973215527,38.19908857
18979926413,38.19908857
18993348186,38.19908857
19020191732,38.19908857
19033613505,38.19908857
19040324391,38.19908857
19053746164,38.19908857
19060457050,38.19908857
19073878823,38.19908857
19100722369,38.19908857
19114144141,38.19908857
19120855028,38.19908857
19134276801,38.19908857
19140987687,38.19908857
19154409460,38.19908857
19161120346,38.19908857
19174542119,38.19908857
19201385665,38.19908857
19214807437,38.19908857
19221518324,38.19908857
19234940097,38.19908857
19261783642,38.19908857
19275205415,38.19908857
19281916301,38.19908857
19295338074,38.19908857
19302048961,38.19908857
19315470733,38.19908857
19322181620,38.19908857
19335603393,38.19908857
19342314279,38.19908857
19355736052,38.19908857
19362446938,38.19908857
19375868711,38.19908857
19402712257,38.19908857
19416134029,38.19908857
19422844916,38.19908857
19436266689,38.19908857
19463110234,38.19908857
19476532007,38.19908857
19483242893,38.19908857
19496664666,38.19908857
19503375553,38.19908857
19516797325,38.19908857
19523508212,38.19908857
19536929985,38.19908857
19563773530,38.19908857
19577195303,38.19908857
19583906189,38.19908857
19597327962,38.19908857
19604038849,38.19908857
19617460621,38.19908857
19644304167,38.19908857
19657725940,38.19908857
19664436826,38.19908857
19677858599,38.19908857
19684569485,38.19908857
19697991258,38.19908857
19724834804,38.19908857
19738256577,38.19908857
19744967463,38.19908857
19758389236,38.19908857
19765100122,38.19908857
19778521895,38.19908857
19785232781,38.19908857
19798654554,38.19908857
19825498100,38.19908857
19838919873,38.19908857
19845630759,38.19908857
19859052532,38.19908857
19865763418,38.19908857
19879185191,38.19908857
19885896077,38.19908857
19899317850,38.19908857
19926161396,38.19908857
19939583169,38.19908857
19946294055,38.19908857
19959715828,38.19908857
19966426714,38.19908857
19979848487,38.19908857
19986559373,38.19908857
19999981146,38.19908857
20026824692,38.19908857
20040246465,38.19908857
20046957351,38.19908857
20060379124,38.19908857
20067090010,38.19908857
20080511783,38.19908857
20107355329,38.19908857
20120777101,38.19908857
20127487988,38.19908857
20140909761,38.19908857
20147620647,38.19908857
20161042420,38.19908857
20167753306,38.19908857
20181175079,38.19908857
20208018625,38.19908857
20221440397,38.19908857
20228151284,38.19908857
20241573057,38.19908857
20248283943,38.19908857
20261705716,38.19908857
20268416602,38.19908857
20281838375,38.19908857
20308681921,38.19908857
20322103693,38.19908857
20328814580,38.19908857
20342236353,38.19908857
20348947239,38.19908857
20362369012,38.19908857
20369079898,38.19908857
20382501671,38.19908857
20389212557,38.19908857
20402634330,38.19908857
20429477876,38.19908857
20442899649,38.19908857
20469743194,38.19908857
20483164967,38.19908857
20489875853,38.19908857
20503297626,38.19908857
20510008513,38.19908857
20523430285,38.19908857
20530141172,38.19908857
20543562945,38.19908857
20550273831,38.19908857
20563695604,38.19908857
20570406490,38.19908857
20583828263,38.19908857
20610671809,38.19908857
20624093581,38.19908857
20630804468,38.19908857
20644226241,38.19908857
20650937127,38.19908857
20664358900,38.19908857
20691202445,38.19908857
20704624218,38.19908857
20711335105,38.19908857
20724756877,38.19908857
20731467764,38.19908857
20744889537,38.19908857
20751600423,38.19908857
20765022196,38.19908857
20771733082,38.19908857
20785154855,38.19908857
20811998401,38.19908857
20825420173,38.19908857
20832131060,38.19908857
20845552833,38.19908857
20852263719,38.19908857
20865685492,38.19908857
20892529037,38.19908857
20905950810,38.19908857
20912661697,38.19908857
20926083469,38.19908857
20932794356,38.19908857
20946216129,38.19908857
20952927015,38.19908857
20966348788,38.19908857
20993192333,38.19908857
21006614106,38.19908857
21013324993,38.19908857
21026746765,38.19908857
21033457652,38.19908857
21046879425,38.19908857
21053590311,38.19908857
21067012084,38.19908857
21093855629,38.19908857
21107277402,38.19908857
21113988289,38.19908857
21127410061,38.19908857
21134120948,38.19908857
21147542721,38.19908857
21174386266,38.19908857
21187808039,38.19908857
21194518925,38.19908857
21207940698,38.19908857
21214651585,38.19908857
21228073357,38.19908857
21234784244,38.19908857
21248206017,38.19908857
21254916903,38.19908857
21268338676,38.19908857
21295182221,38.19908857
21308603994,38.19908857
21315314881,38.19908857
21328736653,38.19908857
21335447540,38.19908857
21348869313,38.19908857
21355580199,38.19908857
21369001972,38.19908857
21395845517,38.19908857
21409267290,38.19908857
21415978177,38.19908857
21429399949,38.19908857
21436110836,38.19908857
21449532609,38.19908857
21456243495,38.19908857
21469665268,38.19908857
21496508813,38.19908857
21509930586,38.19908857
21516641473,38.19908857
21530063245,38.19908857
21556906791,38.19908857
21570328564,38.19908857
21577039450,38.19908857
21590461223,38.19908857
21597172109,38.19908857
21610593882,38.19908857
21617304769,38.19908857
21630726541,38.19908857
21637437428,38.19908857
21650859201,38.19908857
21657570087,38.19908857
21670991860,38.19908857
21697835405,38.19908857
21711257178,38.19908857
21717968065,38.19908857
21731389837,38.19908857
21738100724,38.19908857
21751522497,38.19908857
21758233383,38.19908857
21771655156,38.19908857
21778366042,38.19908857
21791787815,38.19908857
21818631361,38.19908857
21832053133,38.19908857
21838764020,38.19908857
21852185793,38.19908857
21879029338,38.19908857
21892451111,38.19908857
21899161997,38.19908857
21912583770,38.19908857
21919294657,38.19908857
21932716429,38.19908857
21939427316,38.19908857
21952849089,38.19908857
21959559975,38.19908857
21972981748,38.19908857
21999825293,38.19908857
22013247066,38.19908857
22019957953,38.19908857
22033379725,38.19908857
22040090612,38.19908857
22053512385,38.19908857
22080355930,38.19908857
22093777703,38.19908857
22100488589,38.19908857
22113910362,38.19908857
22120621249,38.19908857
22134043021,38.19908857
22140753908,38.19908857
22154175681,38.19908857
22160886567,38.19908857
22174308340,38.19908857
22181019226,38.19908857
22194440999,38.19908857
22221284545,38.19908857
22234706317,38.19908857
22241417204,38.19908857
22254838977,38.19908857
22281682522,38.19908857
22295104295,38.19908857
22301815181,38.19908857
22315236954,38.19908857
22321947841,38.19908857
22335369613,38.19908857
22342080500,38.19908857
22355502273,38.19908857
22362213159,38.19908857
22375634932,38.19908857
22382345818,38.19908857
22395767591,38.19908857
22402478477,38.19908857
22415900250,38.19908857
22442743796,38.19908857
22456165569,38.19908857
22462876455,38.19908857
22476298228,38.19908857
22483009114,38.19908857
22496430887,38.19908857
22503141773,38.19908857
22516563546,38.19908857
22543407092,38.19908857
22556828865,38.19908857
22563539751,38.19908857
22576961524,38.19908857
22583672410,38.19908857
22597094183,38.19908857
22623937729,38.19908857
22637359501,38.19908857
22644070388,38.19908857
22657492161,38.19908857
22664203047,38.19908857
22677624820,38.19908857
22684335706,38.19908857
22697757479,38.19908857
22724601025,38.19908857
22738022797,38.19908857
22744733684,38.19908857
22758155457,38.19908857
22764866343,38.19908857
22778288116,38.19908857
22784999002,38.19908857
22798420775,38.19908857
22805131661,38.19908857
22818553434,38.19908857
22825264321,38.19908857
22838686093,38.19908857
22865529639,38.19908857
22878951412,38.19908857
22885662298,38.19908857
22899084071,38.19908857
22905794957,38.19908857
22919216730,38.19908857
22946060276,38.19908857
22959482049,38.19908857
22966192935,38.19908857
22979614708,38.19908857
22986325594,38.19908857
22999747367,38.19908857
23006458253,38.19908857
23019880026,38.19908857
23026590913,38.19908857
23040012685,38.19908857
23046723572,38.19908857
23060145345,38.19908857
23086988890,38.19908857
23100410663,38.19908857
23107121549,38.19908857
23120543322,38.19908857
23127254209,38.19908857
23140675981,38.19908857
23167519527,38.19908857
23180941300,38.19908857
23187652186,38.19908857
23201073959,38.19908857
23207784845,38.19908857
23221206618,38.19908857
23227917505,38.19908857
23241339277,38.19908857
23248050164,38.19908857
23261471937,38.19908857
23288315482,38.19908857
23301737255,38.19908857
23308448141,38.19908857
23321869914,38.19908857
23328580801,38.19908857
23342002573,38.19908857
23348713460,38.19908857
23362135233,38.19908857
23388978778,38.19908857
23402400551,38.19908857
23409111437,38.19908857
23422533210,38.19908857
23429244097,38.19908857
23442665869,38.19908857
23449376756,38.19908857
23462798529,38.19908857
23469509415,38.19908857
23482931188,38.19908857
23489642074,38.19908857
23503063847,38.19908857
23529907393,38.19908857
23543329165,38.19908857
23550040052,38.19908857
23563461825,38.19908857
23570172711,38.19908857
23583594484,38.19908857
23590305370,38.19908857
23603727143,38.19908857
23610438029,38.19908857
23623859802,38.19908857
23650703348,38.19908857
23664125121,38.19908857
23670836007,38.19908857
23684257780,38.19908857
23690968666,38.19908857
23704390439,38.19908857
23711101325,38.19908857
23724523098,38.19908857
23731233985,38.19908857
23744655757,38.19908857
23771499303,38.19908857
23784921076,38.19908857
23791631962,38.19908857
23805053735,38.19908857
23811764621,38.19908857
23825186394,38.19908857
23852029940,38.19908857
23865451713,38.19908857
23872162599,38.19908857
23885584372,38.19908857
23892295258,38.19908857
23905717031,38.19908857
23912427917,38.19908857
23925849690,38.19908857
23932560577,38.19908857
23945982349,38.19908857
23952693236,38.19908857
23966115009,38.19908857
23992958554,38.19908857
24006380327,38.19908857
24013091213,38.19908857
24026512986,38.19908857
24033223873,38.19908857
24046645645,38.19908857
24053356532,38.19908857
24066778305,38.19908857
24093621850,38.19908857
24107043623,38.19908857
24113754509,38.19908857
24127176282,38.19908857
24133887169,38.19908857
24147308941,38.19908857
24154019828,38.19908857
24167441601,38.19908857
24194285146,38.19908857
24207706919,38.19908857
24214417805,38.19908857
24227839578,38.19908857
24234550465,38.19908857
24247972237,38.19908857
24254683124,38.19908857
24268104897,38.19908857
24294948442,38.19908857
24308370215,38.19908857
24315081101,38.19908857
24328502874,38.19908857
24335213761,38.19908857
24348635533,38.19908857
24355346420,38.19908857
24368768193,38.19908857
24375479079,38.19908857
24388900852,38.19908857
24395611738,38.19908857
24409033511,38.19908857
24435877057,38.19908857
24449298829,38.19908857
24456009716,38.19908857
24469431489,38.19908857
24476142375,38.19908857
24489564148,38.19908857
24516407693,38.19908857
24529829466,38.19908857
24536540353,38.19908857
24549962125,38.19908857
24556673012,38.19908857
24570094785,38.19908857
24576805671,38.19908857
24590227444,38.19908857
24596938330,38.19908857
24610360103,38.19908857
24617070989,38.19908857
24630492762,38.19908857
24657336308,38.19908857
24670758081,38.19908857
24677468967,38.19908857
24690890740,38.19908857
24697601626,38.19908857
24711023399,38.19908857
24717734285,38.19908857
24731156058,38.19908857
24737866945,38.19908857
24751288717,38.19908857
24757999604,38.19908857
24771421377,38.19908857
24798264922,38.19908857
24811686695,38.19908857
24818397581,38.19908857
24831819354,38.19908857
24838530241,38.19908857
24851952013,38.19908857
24858662900,38.19908857
24872084673,38.19908857
24898928218,38.19908857
24912349991,38.19908857
24919060877,38.19908857
24932482650,38.19908857
24939193537,38.19908857
24952615309,38.19908857
24959326196,38.19908857
24972747969,38.19908857
24999591514,38.19908857
25013013287,38.19908857
25019724173,38.19908857
25033145946,38.19908857
25039856833,38.19908857
25053278605,38.19908857
25059989492,38.19908857
25073411265,38.19908857
25080122151,38.19908857
25093543924,38.19908857
25120387469,38.19908857
25133809242,38.19908857
25140520129,38.19908857
25153941901,38.19908857
25160652788,38.19908857
25174074561,38.19908857
25180785447,38.19908857
25194207220,38.19908857
25200918106,38.19908857
25214339879,38.19908857
25221050765,38.19908857
25234472538,38.19908857
25261316084,38.19908857
25274737857,38.19908857
25281448743,38.19908857
25294870516,38.19908857
25301581402,38.19908857
25315003175,38.19908857
25321714061,38.19908857
25335135834,38.19908857
25341846721,38.19908857
25355268493,38.19908857
25361979380,38.19908857
25375401153,38.19908857
25382112039,38.19908857
25395533812,38.19908857
25422377357,38.19908857
25435799130,38.19908857
25442510017,38.19908857
25455931789,38.19908857
25462642676,38.19908857
25476064449,38.19908857
25482775335,38.19908857
25496197108,38.19908857
25523040653,38.19908857
25536462426,38.19908857
25543173313,38.19908857
25556595085,38.19908857
25563305972,38.19908857
25576727745,38.19908857
25583438631,38.19908857
25596860404,38.19908857
25603571290,38.19908857
25616993063,38.19908857
25643836609,38.19908857
25657258381,38.19908857
25663969268,38.19908857
25677391041,38.19908857
25684101927,38.19908857
25697523700,38.19908857
25704234586,38.19908857
25717656359,38.19908857
25724367245,38.19908857
25737789018,38.19908857
25764632564,38.19908857
25778054337,38.19908857
25784765223,38.19908857
25798186996,38.19908857
25804897882,38.19908857
25818319655,38.19908857
25825030541,38.19908857
25838452314,38.19908857
25845163201,38.19908857
25858584973,38.19908857
25885428519,38.19908857
25898850292,38.19908857
25905561178,38.19908857
25918982951,38.19908857
25925693837,38.19908857
25939115610,38.19908857
25945826497,38.19908857
25959248269,38.19908857
25986091815,38.19908857
25999513588,38.19908857
26006224474,38.19908857
26019646247,38.19908857
26026357133,38.19908857
26039778906,38.19908857
26046489793,38.19908857
26059911565,38.19908857
26066622452,38.19908857
26080044225,38.19908857
26086755111,38.19908857
26100176884,38.19908857
26127020429,38.19908857
26140442202,38.19908857
26147153089,38.19908857
26160574861,38.19908857
26167285748,38.19908857
26180707521,38.19908857
26187418407,38.19908857
26200840180,38.19908857
26207551066,38.19908857
26220972839,38.19908857
26247816385,38.19908857
26261238157,38.19908857
26267949044,38.19908857
26281370817,38.19908857
26288081703,38.19908857
26301503476,38.19908857
26308214362,38.19908857
26321636135,38.19908857
26348479681,38.19908857
26361901453,38.19908857
26368612340,38.19908857
26382034113,38.19908857
26388744999,38.19908857
26402166772,38.19908857
26408877658,38.19908857
26422299431,38.19908857
26429010317,38.19908857
26442432090,38.19908857
26449142977,38.19908857
26462564749,38.19908857
26469275636,38.19908857
26482697409,38.19908857
26509540954,38.19908857
26522962727,38.19908857
26529673613,38.19908857
26543095386,38.19908857
26549806273,38.19908857
26563228045,38.19908857
26569938932,38.19908857
26583360705,38.19908857
26610204250,38.19908857
26623626023,38.19908857
26630336909,38.19908857
26643758682,38.19908857
26650469569,38.19908857
26663891341,38.19908857
26670602228,38.19908857
26684024001,38.19908857
26690734887,38.19908857
26704156660,38.19908857
26710867546,38.19908857
26724289319,38.19908857
26731000205,38.19908857
26744421978,38.19908857
26771265524,38.19908857
26784687297,38.19908857
26791398183,38.19908857
26804819956,38.19908857
26811530842,38.19908857
26824952615,38.19908857
26831663501,38.19908857
26845085274,38.19908857
26851796161,38.19908857
26865217933,38.19908857
26871928820,38.19908857
26885350593,38.19908857
26892061479,38.19908857
26905483252,38.19908857
26932326797,38.19908857
26945748570,38.19908857
26952459457,38.19908857
26965881229,38.19908857
26972592116,38.19908857
26986013889,38.19908857
27012857434,38.19908857
27026279207,38.19908857
27032990093,38.19908857
27046411866,38.19908857
27053122753,38.19908857
27066544525,38.19908857
27073255412,38.19908857
27086677185,38.19908857
27093388071,38.19908857
27106809844,38.19908857
27133653389,38.19908857
27147075162,38.19908857
27153786049,38.19908857
27167207821,38.19908857
27173918708,38.19908857
27187340481,38.19908857
27194051367,38.19908857
27207473140,38.19908857
27214184026,38.19908857
27227605799,38.19908857
27254449345,38.19908857
27267871117,38.19908857
27274582004,38.19908857
27288003777,38.19908857
27294714663,38.19908857
27308136436,38.19908857
27314847322,38.19908857
27328269095,38.19908857
27334979981,38.19908857
27348401754,38.19908857
27355112641,38.19908857
27368534413,38.19908857
27375245300,38.19908857
27388667073,38.19908857
27415510618,38.19908857
27428932391,38.19908857
27435643277,38.19908857
27449065050,38.19908857
27455775937,38.19908857
27469197709,38.19908857
27475908596,38.19908857
27489330369,38.19908857
27496041255,38.19908857
27509463028,38.19908857
27516173914,38.19908857
27529595687,38.19908857
27536306573,38.19908857
27549728346,38.19908857
27576571892,38.19908857
27589993665,38.19908857
27596704551,38.19908857
27610126324,38.19908857
27616837210,38.19908857
27630258983,38.19908857
27636969869,38.19908857
27650391642,38.19908857
27657102529,38.19908857
27670524301,38.19908857
27697367847,38.19908857
27710789620,38.19908857
27717500506,38.19908857
27730922279,38.19908857
27737633165,38.19908857
27751054938,38.19908857
27757765825,38.19908857
27771187597,38.19908857
27777898484,38.19908857
27791320257,38.19908857
27818163802,38.19908857
27831585575,38.19908857
27838296461,38.19908857
27851718234,38.19908857
27858429121,38.19908857
27871850893,38.19908857
27878561780,38.19908857
27891983553,38.19908857
27898694439,38.19908857
27912116212,38.19908857
27918827098,38.19908857
27932248871,38.19908857
27938959757,38.19908857
27952381530,38.19908857
27979225076,38.19908857
27992646849,38.19908857
27999357735,38.19908857
28012779508,38.19908857
28019490394,38.19908857
28032912167,38.19908857
28039623053,38.19908857
28053044826,38.19908857
28059755713,38.19908857
28073177485,38.19908857
28100021031,38.19908857
28113442804,38.19908857
28120153690,38.19908857
28133575463,38.19908857
28140286349,38.19908857
28153708122,38.19908857
28160419009,38.19908857
28173840781,38.19908857
28180551668,38.19908857
28193973441,38.19908857
28200684327,38.19908857
28214106100,38.19908857
28220816986,38.19908857
28234238759,38.19908857
28261082305,38.19908857
28274504077,38.19908857
28281214964,38.19908857
28294636737,38.19908857
28301347623,38.19908857
28314769396,38.19908857
28321480282,38.19908857
28334902055,38.19908857
28361745601,38.19908857
28375167373,38.19908857
28381878260,38.19908857
28395300033,38.19908857
28402010919,38.19908857
28415432692,38.19908857
28422143578,38.19908857
28435565351,38.19908857
28442276237,38.19908857
28455698010,38.19908857
28462408897,38.19908857
28475830669,38.19908857
28482541556,38.19908857
28495963329,38.19908857
28522806874,38.19908857
28536228647,38.19908857
28542939533,38.19908857
28556361306,38.19908857
28563072193,38.19908857
28576493965,38.19908857
28583204852,38.19908857
28596626625,38.19908857
28603337511,38.19908857
28616759284,38.19908857
28623470170,38.19908856
28636891943,38.19908857
28663735489,38.19908857
28677157261,38.19908857
28683868148,38.19908857
28697289921,38.19908857
28704000807,38.19908857
28717422580,38.19908857
28724133466,38.19908856
28737555239,38.19908857
28744266125,38.19908856
28757687898,38.19908857
28764398785,38.19908856
28777820557,38.19908857
28804664103,38.19908856
28818085876,38.19908857
28824796762,38.19908856
28838218535,38.19908857
28844929421,38.19908856
28858351194,38.19908857
28865062081,38.19908856
28878483853,38.19908857
28885194740,38.19908856
28898616513,38.19908857
28925460058,38.19908856
28938881831,38.19908857
28945592717,38.19908856
28959014490,38.19908857
28965725377,38.19908856
28979147149,38.19908857
28985858036,38.19908856
28999279809,38.19908857
29005990695,38.19908856
29019412468,38.19908857
29026123354,38.19908856
29039545127,38.19908857
29066388673,38.19908856
29079810445,38.19908857
29086521332,38.19908856
29099943105,38.19908857
29106653991,38.19908856
29120075764,38.19908857
29126786650,38.19908856
29140208423,38.19908857
29146919309,38.19908856
29160341082,38.19908857
29167051969,38.19908856
29180473741,38.19908857
29187184628,38.19908856
29200606401,38.19908857
29207317287,38.19908856
29220739060,38.19908857
29247582605,38.19908856
29261004378,38.19908857
29267715265,38.19908856
29281137037,38.19908857
29287847924,38.19908856
29301269697,38.19908857
29328113242,38.19908856
29341535015,38.19908857
29348245901,38.19908856
29361667674,38.19908857
29368378561,38.19908856
29381800333,38.19908857
29388511220,38.19908856
29401932993,38.19908857
29408643879,38.19908856
29422065652,38.19908857
29428776538,38.19908856
29442198311,38.19908857
29448909197,38.19908856
29462330970,38.19908857
29469041857,38.19908856
29482463629,38.19908857
29509307175,38.19908856
29522728948,38.19908857
29529439834,38.19908856
29542861607,38.19908857
29549572493,38.19908856
29562994266,38.19908857
29569705153,38.19908856
29583126925,38.19908857
29589837812,38.19908856
29603259585,38.19908857
29609970471,38.19908856
29623392244,38.19908857
29650235789,38.19908856
29663657562,38.19908857
29670368449,38.19908856
29683790221,38.19908857
29690501108,38.19908856
29703922881,38.19908857
29710633767,38.19908856
29724055540,38.19908857
29730766426,38.19908856
29744188199,38.19908857
29750899085,38.19908856
29764320858,38.19908857
29771031745,38.19908856
29784453517,38.19908857
29811297063,38.19908856
29824718836,38.19908857
29831429722,38.19908856
29844851495,38.19908857
29851562381,38.19908856
29864984154,38.19908857
29871695041,38.19908856
29885116813,38.19908857
29891827700,38.19908856
29905249473,38.19908857
29932093018,38.19908856
29945514791,38.19908857
29952225677,38.19908856
29965647450,38.19908857
29972358337,38.19908856
29985780109,38.19908857
29992490996,38.19908856
30005912769,38.19908857
30012623655,38.19908856
30026045428,38.19908857
30032756314,38.19908856
30046178087,38.19908857
30052888973,38.19908856
30066310746,38.19908857
30073021633,38.19908856
30086443405,38.19908857
30113286951,38.19908856
30126708724,38.19908857
30133419610,38.19908856
30146841383,38.19908857
30153552269,38.19908856
30166974042,38.19908857
30173684929,38.19908856
30187106701,38.19908857
30193817588,38.19908856
30207239361,38.19908857
30213950247,38.19908856
30227372020,38.19908857
30254215565,38.19908856
30267637338,38.19908857
30274348225,38.19908856
30287769997,38.19908857
30294480884,38.19908856
30307902657,38.19908857
30314613543,38.19908856
30328035316,38.19908857
30334746202,38.19908856
30348167975,38.19908857
30354878861,38.19908856
30368300634,38.19908857
30375011521,38.19908856
30388433293,38.19908857
30415276839,38.19908856
30428698612,38.19908857
30435409498,38.19908856
30448831271,38.19908857
30455542157,38.19908856
30468963930,38.19908857
30475674817,38.19908856
30489096589,38.19908857
30495807476,38.19908856
30509229249,38.19908857
30536072794,38.19908856
30549494567,38.19908857
30556205453,38.19908856
30569627226,38.19908857
30576338113,38.19908856
30589759885,38.19908857
30596470772,38.19908856
30609892545,38.19908857
30616603431,38.19908856
30630025204,38.19908857
30636736090,38.19908856
30650157863,38.19908857
30677001409,38.19908856
30690423181,38.19908857
30697134068,38.19908856
30710555841,38.19908857
30717266727,38.19908856
30730688500,38.19908857
30737399386,38.19908856
30750821159,38.19908857
30757532045,38.19908856
30770953818,38.19908857
30777664705,38.19908856
30791086477,38.19908857
30797797364,38.19908856
30811219137,38.19908857
30838062682,38.19908856
30851484455,38.19908857
30858195341,38.19908856
30871617114,38.19908857
30878328001,38.19908856
30891749773,38.19908857
30898460660,38.19908856
30911882433,38.19908857
30918593319,38.19908856
30932015092,38.19908857
30938725978,38.19908856
30952147751,38.19908857
30958858637,38.19908856
30972280410,38.19908857
30978991297,38.19908856
30992413069,38.19908857
31019256615,38.19908856
31032678388,38.19908857
31039389274,38.19908856
31052811047,38.19908857
31059521933,38.19908856
31072943706,38.19908857
31079654593,38.19908856
31093076365,38.19908857
31099787252,38.19908856
31113209025,38.19908857
31119919911,38.19908856
31133341684,38.19908857
31160185229,38.19908856
31173607002,38.19908857
31180317889,38.19908856
31193739661,38.19908857
31200450548,38.19908856
31213872321,38.19908857
31220583207,38.19908856
31234004980,38.19908857
31240715866,38.19908856
31254137639,38.19908857
31280981185,38.19908856
31294402957,38.19908857
31301113844,38.19908856
31314535617,38.19908857
31321246503,38.19908856
31334668276,38.19908857
31341379162,38.19908856
31354800935,38.19908857
31361511821,38.19908856
31374933594,38.19908857
31381644481,38.19908856
31395066253,38.19908857
31401777140,38.19908856
31415198913,38.19908857
31421909799,38.19908856
31435331572,38.19908857
31462175117,38.19908856
31475596890,38.19908857
31482307777,38.19908856
31495729549,38.19908857
31502440436,38.19908856
31515862209,38.19908857
31522573095,38.19908856
31535994868,38.19908857
31542705754,38.19908856
31556127527,38.19908857
31582971073,38.19908856
31596392845,38.19908857
31603103732,38.19908856
31616525505,38.19908857
31623236391,38.19908856
31636658164,38.19908857
31643369050,38.19908856
31656790823,38.19908857
31663501709,38.19908856
31676923482,38.19908857
31683634369,38.19908856
31697056141,38.19908857
31703767028,38.19908856
31717188801,38.19908856
31723899687,38.19908856
31737321460,38.19908856
31744032346,38.19908856
31757454119,38.19908856
31764165005,38.19908856
31777586778,38.19908856
31784297665,38.19908856
31797719437,38.19908856
31824562983,38.19908856
31837984756,38.19908856
31844695642,38.19908856
31858117415,38.19908856
31864828301,38.19908856
31878250074,38.19908856
31884960961,38.19908856
31898382733,38.19908856
31905093620,38.19908856
31918515393,38.19908856
31945358938,38.19908856
31958780711,38.19908856
31965491597,38.19908856
31978913370,38.19908856
31985624257,38.19908856
31999046029,38.19908856
32005756916,38.19908856
32019178689,38.19908856
32025889575,38.19908856
32039311348,38.19908856
32046022234,38.19908856
32059444007,38.19908856
32066154893,38.19908856
32079576666,38.19908856
32086287553,38.19908856
32099709325,38.19908856
32106420212,38.19908856
32119841985,38.19908856
32146685530,38.19908856
32160107303,38.19908856
32166818189,38.19908856
32180239962,38.19908856
32186950849,38.19908856
32200372621,38.19908856
32207083508,38.19908856
32220505281,38.19908856
32227216167,38.19908856
32240637940,38.19908856
32267481485,38.19908856
32280903258,38.19908856
32287614145,38.19908856
32301035917,38.19908856
32307746804,38.19908856
32321168577,38.19908856
32327879463,38.19908856
32341301236,38.19908856
32348012122,38.19908856
32361433895,38.19908856
32368144781,38.19908856
32381566554,38.19908856
32388277441,38.19908856
32401699213,38.19908856
32428542759,38.19908856
32441964532,38.19908856
32448675418,38.19908856
32462097191,38.19908856
32468808077,38.19908856
32482229850,38.19908856
32488940737,38.19908856
32502362509,38.19908856
32509073396,38.19908856
32522495169,38.19908856
32529206055,38.19908856
32542627828,38.19908856
32549338714,38.19908856
32562760487,38.19908856
32569471373,38.19908856
32582893146,38.19908856
32589604033,38.19908856
32603025805,38.19908856
32629869351,38.19908856
32643291124,38.19908856
32650002010,38.19908856
32663423783,38.19908856
32670134669,38.19908856
32683556442,38.19908856
32710399988,38.19908856
32723821761,38.19908856
32730532647,38.19908856
32743954420,38.19908856
32750665306,38.19908856
32764087079,38.19908856
32770797965,38.19908856
32784219738,38.19908856
32790930625,38.19908856
32804352397,38.19908856
32811063284,38.19908856
32824485057,38.19908856
32831195943,38.19908856
32844617716,38.19908856
32851328602,38.19908856
32864750375,38.19908856
32871461261,38.19908856
32884883034,38.19908856
32891593921,38.19908856
32905015693,38.19908856
32931859239,38.19908856
32945281012,38.19908856
32951991898,38.19908856
32965413671,38.19908856
32972124557,38.19908856
32985546330,38.19908856
32992257217,38.19908856
33005678989,38.19908856
33012389876,38.19908856
33025811649,38.19908856
33032522535,38.19908856
33045944308,38.19908856
33052655194,38.19908856
33066076967,38.19908856
33072787853,38.19908856
33086209626,38.19908856
33092920513,38.19908856
33106342285,38.19908856
33113053172,38.19908856
33126474945,38.19908856
33133185831,38.19908856
33146607604,38.19908856
33173451149,38.19908856
33186872922,38.19908856
33193583809,38.19908856
33207005581,38.19908856
33213716468,38.19908856
33227138241,38.19908856
33233849127,38.19908856
33247270900,38.19908856
33253981786,38.19908856
33267403559,38.19908856
33294247105,38.19908856
33307668877,38.19908856
33314379764,38.19908856
33327801537,38.19908856
33334512423,38.19908856
33347934196,38.19908856
33354645082,38.19908856
33368066855,38.19908856
33374777741,38.19908856
33388199514,38.19908856
33394910401,38.19908856
33408332173,38.19908856
33435175719,38.19908856
33448597492,38.19908856
33455308378,38.19908856
33468730151,38.19908856
33475441037,38.19908856
33488862810,38.19908856
33495573697,38.19908856
33508995469,38.19908856
33515706356,38.19908856
33529128129,38.19908856
33535839015,38.19908856
33549260788,38.19908856
33555971674,38.19908856
33569393447,38.19908856
33596236993,38.19908856
33609658765,38.19908856
33616369652,38.19908856
33629791425,38.19908856
33636502311,38.19908856
33649924084,38.19908856
33656634970,38.19908856
33670056743,38.19908856
33676767629,38.19908856
33690189402,38.19908856
33696900289,38.19908856
33710322061,38.19908856
33717032948,38.19908856
33730454721,38.19908856
33737165607,38.19908856
33750587380,38.19908856
33757298266,38.19908856
33770720039,38.19908856
33777430925,38.19908856
33790852698,38.19908856
33797563585,38.19908856
33810985357,38.19908856
33837828903,38.19908856
33851250676,38.19908856
33857961562,38.19908856
33871383335,38.19908856
33878094221,38.19908856
33891515994,38.19908856
33898226881,38.19908856
33911648653,38.19908856
33918359540,38.19908856
33931781313,38.19908856
33938492199,38.19908856
33951913972,38.19908856
33958624858,38.19908856
33972046631,38.19908856
33998890177,38.19908856
34012311949,38.19908856
34019022836,38.19908856
34032444609,38.19908856
34039155495,38.19908856
34052577268,38.19908856
34059288154,38.19908856
34072709927,38.19908856
34079420813,38.19908856
34092842586,38.19908856
34099553473,38.19908856
34112975245,38.19908856
34119686132,38.19908856
34133107905,38.19908856
34159951450,38.19908856
34173373223,38.19908856
34180084109,38.19908856
34193505882,38.19908856
34200216769,38.19908856
34213638541,38.19908856
34220349428,38.19908856
34233771201,38.19908856
34240482087,38.19908856
34253903860,38.19908856
34260614746,38.19908856
34274036519,38.19908856
34280747405,38.19908856
34294169178,38.19908856
34300880065,38.19908856
34314301837,38.19908856
34341145383,38.19908856
34354567156,38.19908856
34361278042,38.19908856
34374699815,38.19908856
34381410701,38.19908856
34394832474,38.19908856
34401543361,38.19908856
34414965133,38.19908856
34421676020,38.19908856
34435097793,38.19908856
34441808679,38.19908856
34455230452,38.19908856
34461941338,38.19908856
34475363111,38.19908856
34482073997,38.19908856
34495495770,38.19908856
34522339316,38.19908856
34535761089,38.19908856
34542471975,38.19908856
34555893748,38.19908856
34562604634,38.19908856
34576026407,38.19908856
34582737294,38.19908856
34596159066,38.19908856
34602869953,38.19908856
34616291726,38.19908856
34623002612,38.19908856
34636424385,38.19908856
34643135271,38.19908856
34656557044,38.19908856
34683400590,38.19908856
34696822362,38.19908856
34703533249,38.19908856
34716955022,38.19908856
34723665908,38.19908856
34737087681,38.19908856
34743798567,38.19908856
34757220340,38.19908856
34763931226,38.19908856
34777352999,38.19908856
34784063886,38.19908856
34797485658,38.19908856
34804196545,38.19908856
34817618318,38.19908856
34824329204,38.19908856
34837750977,38.19908856
34844461863,38.19908856
34857883636,38.19908856
34864594522,38.19908856
34878016295,38.19908856
34904859841,38.19908856
34918281614,38.19908856
34924992500,38.19908856
34938414273,38.19908856
34945125159,38.19908856
34958546932,38.19908856
34965257818,38.19908856
34978679591,38.19908856
34985390478,38.19908856
34998812250,38.19908856
35005523137,38.19908856
35018944910,38.19908856
35045788455,38.19908856
35059210228,38.19908856
35065921114,38.19908856
35079342887,38.19908856
35086053774,38.19908856
35099475546,38.19908856
35106186433,38.19908856
35119608206,38.19908856
35126319092,38.19908856
35139740865,38.19908856
35146451751,38.19908856
35159873524,38.19908856
35166584410,38.19908856
35180006183,38.19908856
35186717070,38.19908856
35200138842,38.19908856
35206849729,38.19908856
35220271502,38.19908856
35247115047,38.19908856
35260536820,38.19908856
35267247706,38.19908856
35280669479,38.19908856
35287380366,38.19908856
35300802138,38.19908856
35307513025,38.19908856
35320934798,38.19908856
35347778343,38.19908856
35361200116,38.19908856
35367911002,38.19908856
35381332775,38.19908856
35388043662,38.19908856
35401465434,38.19908856
35408176321,38.19908856
35421598094,38.19908856
35428308980,38.19908856
35441730753,38.19908856
35448441639,38.19908856
35461863412,38.19908856
35468574298,38.19908856
35481996071,38.19908856
35488706958,38.19908856
35502128730,38.19908856
35508839617,38.19908856
35522261390,38.19908856
35528972276,38.19908856
35542394049,38.19908856
35569237594,38.19908856
35582659367,38.19908856
35589370254,38.19908856
35602792026,38.19908856
35609502913,38.19908856
35622924686,38.19908856
35629635572,38.19908856
35643057345,38.19908856
35649768231,38.19908856
35663190004,38.19908856
35669900890,38.19908856
35683322663,38.19908856
35710166209,38.19908856
35723587982,38.19908856
35730298868,38.19908856
35743720641,38.19908856
35750431527,38.19908856
35763853300,38.19908856
35770564186,38.19908856
35783985959,38.19908856
35790696846,38.19908856
35804118618,38.19908856
35810829505,38.19908856
35824251278,38.19908856
35830962164,38.19908856
35844383937,38.19908856
35851094823,38.19908856
35864516596,38.19908856
35871227482,38.19908856
35884649255,38.19908856
35911492801,38.19908856
35924914574,38.19908856
35931625460,38.19908856
35945047233,38.19908856
35951758119,38.19908856
35965179892,38.19908856
35971890778,38.19908856
35985312551,38.19908856
35992023438,38.19908856
36005445210,38.19908856
36012156097,38.19908856
36025577870,38.19908856
36032288756,38.19908856
36045710529,38.19908856
36052421415,38.19908856
36065843188,38.19908856
36092686734,38.19908856
36106108506,38.19908856
36112819393,38.19908856
36126241166,38.19908856
36132952052,38.19908856
36146373825,38.19908856
36153084711,38.19908856
36166506484,38.19908856
36173217370,38.19908856
36186639143,38.19908856
36193350030,38.19908856
36206771802,38.19908856
36213482689,38.19908856
36226904462,38.19908856
36233615348,38.19908856
36247037121,38.19908856
36273880666,38.19908856
36287302439,38.19908856
36294013326,38.19908856
36307435098,38.19908856
36314145985,38.19908856
36327567758,38.19908856
36334278644,38.19908856
36347700417,38.19908856
36354411303,38.19908856
36367833076,38.19908856
36394676622,38.19908856
36408098394,38.19908856
36414809281,38.19908856
36428231054,38.19908856
36434941940,38.19908856
36448363713,38.19908856
36455074599,38.19908856
36468496372,38.19908856
36475207258,38.19908856
36488629031,38.19908856
36495339918,38.19908856
36508761690,38.19908856
36515472577,38.19908856
36528894350,38.19908856
36535605236,38.19908856
36549027009,38.19908856
36555737895,38.19908856
36569159668,38.19908856
36575870554,38.19908856
36589292327,38.19908856
36596003214,38.19908856
36609424986,38.19908856
36616135873,38.19908856
36629557646,38.19908856
36636268532,38.19908856
36649690305,38.19908856
36676533850,38.19908856
36689955623,38.19908856
36696666510,38.19908856
36710088282,38.19908856
36716799169,38.19908856
36730220942,38.19908856
36736931828,38.19908856
36750353601,38.19908856
36757064487,38.19908856
36770486260,38.19908856
36777197146,38.19908856
36790618919,38.19908856
36797329806,38.19908856
36810751578,38.19908856
36837595124,38.19908856
36851016897,38.19908856
36857727783,38.19908856
36871149556,38.19908856
36877860442,38.19908856
36891282215,38.19908856
36897993102,38.19908856
36911414874,38.19908856
36918125761,38.19908856
36931547534,38.19908856
36938258420,38.19908856
36951680193,38.19908856
36958391079,38.19908856
36971812852,38.19908856
36978523738,38.19908856
36991945511,38.19908856
36998656398,38.19908856
37012078170,38.19908856
37018789057,38.19908856
37032210830,38.19908856
37059054375,38.19908856
37072476148,38.19908856
37079187034,38.19908856
37092608807,38.19908856
37099319694,38.19908856
37112741466,38.19908856
37119452353,38.19908856
37132874126,38.19908856
37139585012,38.19908856
37153006785,38.19908856
37159717671,38.19908856
37173139444,38.19908856
37179850330,38.19908856
37193272103,38.19908856
37199982990,38.19908856
37213404762,38.19908856
37220115649,38.19908856
37233537422,38.19908856
37260380967,38.19908856
37273802740,38.19908856
37280513626,38.19908856
37293935399,38.19908856
37300646286,38.19908856
37314068058,38.19908856
